{"cameraMode":{"drawMode":0,"name":"Shaded","section":"Shading Mode"},"sceneLighting":true,"audioPlay":false,"sceneViewState":{"showFog":true,"showMaterialUpdate":false,"showSkybox":true,"showFlares":true,"showImageEffects":true,"showParticleSystems":true},"in2DMode":false,"pivot":{"x":227.8623504638672,"y":4.749855041503906,"z":1894.949462890625},"rotation":{"x":-0.0707504004240036,"y":0.0020917817018926145,"z":-0.00014844695397187024,"w":-0.9974918365478516},"size":2478.060302734375,"orthographic":false}