{"cameraMode":{"drawMode":0,"name":"Shaded","section":"Shading Mode"},"sceneLighting":false,"audioPlay":false,"sceneViewState":{"showFog":true,"showMaterialUpdate":false,"showSkybox":false,"showFlares":true,"showImageEffects":true,"showParticleSystems":true},"in2DMode":false,"pivot":{"x":-0.07060909271240235,"y":1.8009557723999024,"z":0.07346184551715851},"rotation":{"x":-0.0707504004240036,"y":0.0020917817018926145,"z":-0.00014844695397187024,"w":-0.9974918365478516},"size":5.3645219802856449,"orthographic":false}