{"cameraMode":{"drawMode":0,"name":"Shaded","section":"Shading Mode"},"sceneLighting":true,"audioPlay":false,"sceneViewState":{"showFog":true,"showMaterialUpdate":false,"showSkybox":true,"showFlares":true,"showImageEffects":true,"showParticleSystems":true},"in2DMode":false,"pivot":{"x":270.81976318359377,"y":87.4858169555664,"z":1894.751708984375},"rotation":{"x":-0.06623531877994538,"y":-0.02783804014325142,"z":0.0018485612235963345,"w":-0.9974139928817749},"size":2432.848388671875,"orthographic":false}